spamPriorProbability,0.2753623188405797
hamPriorProbability,0.7246376811594203
threshold,0.8
